title,description,pubdate
Russian invasion of Ukraine would be disastrous - PM,Russian invasion of Ukraine would be disastrous - PM,Russian invasion of Ukraine would be disastrous - PM
Nusrat Ghani: PM orders Cabinet Office to investigate 'Muslimness' claim,Nusrat Ghani: PM orders Cabinet Office to investigate 'Muslimness' claim,Nusrat Ghani: PM orders Cabinet Office to investigate 'Muslimness' claim
Covid travel tests to be axed in England for double vaccinated,Covid travel tests to be axed in England for double vaccinated,Covid travel tests to be axed in England for double vaccinated
Heidelberg shooting: Gunman dead after injuring several,Heidelberg shooting: Gunman dead after injuring several,Heidelberg shooting: Gunman dead after injuring several
Hundreds of children held by IS in besieged prison in Syria,Hundreds of children held by IS in besieged prison in Syria,Hundreds of children held by IS in besieged prison in Syria
Julian Assange can ask Supreme Court to consider extradition case,Julian Assange can ask Supreme Court to consider extradition case,Julian Assange can ask Supreme Court to consider extradition case
NI rise must be scrapped to help families - David Davis,NI rise must be scrapped to help families - David Davis,NI rise must be scrapped to help families - David Davis
"Tonga volcano: Eruption more powerful than atomic bomb, Nasa says","Tonga volcano: Eruption more powerful than atomic bomb, Nasa says","Tonga volcano: Eruption more powerful than atomic bomb, Nasa says"
James Snyder fired from Broadway Harry Potter play over misconduct claim,James Snyder fired from Broadway Harry Potter play over misconduct claim,James Snyder fired from Broadway Harry Potter play over misconduct claim
Covid in Scotland: Easing of restrictions 'a significant moment',Covid in Scotland: Easing of restrictions 'a significant moment',Covid in Scotland: Easing of restrictions 'a significant moment'
Emmerdale and Coronation Street rescheduled in ITV shake-up,Emmerdale and Coronation Street rescheduled in ITV shake-up,Emmerdale and Coronation Street rescheduled in ITV shake-up
St Neots rower with incurable cancer breaks Atlantic record,St Neots rower with incurable cancer breaks Atlantic record,St Neots rower with incurable cancer breaks Atlantic record
Kenya's 'hidden epidemic': Gender-based violence,Kenya's 'hidden epidemic': Gender-based violence,Kenya's 'hidden epidemic': Gender-based violence
Vafaei first Iranian to win snooker ranking title,Vafaei first Iranian to win snooker ranking title,Vafaei first Iranian to win snooker ranking title
The Papers: Russia-Ukraine tensions and No 10 police quizzed,The Papers: Russia-Ukraine tensions and No 10 police quizzed,The Papers: Russia-Ukraine tensions and No 10 police quizzed
Beach Boys star Brian Wilson looks back at his life in new film,Beach Boys star Brian Wilson looks back at his life in new film,Beach Boys star Brian Wilson looks back at his life in new film
Mercedes Gleitze: Film celebrates first British woman to swim English Channel,Mercedes Gleitze: Film celebrates first British woman to swim English Channel,Mercedes Gleitze: Film celebrates first British woman to swim English Channel
Viking torch parade marks Celtic Connections in Glasgow,Viking torch parade marks Celtic Connections in Glasgow,Viking torch parade marks Celtic Connections in Glasgow
How will Tonga's broken internet cable be mended?,How will Tonga's broken internet cable be mended?,How will Tonga's broken internet cable be mended?
Srikanth Bolla: The blind CEO’s £48m company which nearly didn’t happen,Srikanth Bolla: The blind CEO’s £48m company which nearly didn’t happen,Srikanth Bolla: The blind CEO’s £48m company which nearly didn’t happen
Will Russia-Ukraine tensions push up UK gas bills?,Will Russia-Ukraine tensions push up UK gas bills?,Will Russia-Ukraine tensions push up UK gas bills?
The people deciding to ditch their smartphones,The people deciding to ditch their smartphones,The people deciding to ditch their smartphones
Is anti-social behaviour still seen 'as a bit of bother'?,Is anti-social behaviour still seen 'as a bit of bother'?,Is anti-social behaviour still seen 'as a bit of bother'?
Vaccine mandates: 'I lost my job for being unvaccinated',Vaccine mandates: 'I lost my job for being unvaccinated',Vaccine mandates: 'I lost my job for being unvaccinated'
German Covid protests turn nasty in row over rules and vaccinations,German Covid protests turn nasty in row over rules and vaccinations,German Covid protests turn nasty in row over rules and vaccinations
Beijing 2022 vs 2008: Two Olympics and two very different Chinas,Beijing 2022 vs 2008: Two Olympics and two very different Chinas,Beijing 2022 vs 2008: Two Olympics and two very different Chinas
Fury could fight Whyte or Usyk as Joshua camp weigh up step-aside offer,Fury could fight Whyte or Usyk as Joshua camp weigh up step-aside offer,Fury could fight Whyte or Usyk as Joshua camp weigh up step-aside offer
Australian Open: Fourth seed Stefanos Tsitsipas battles to five-set win over Taylor Fritz,Australian Open: Fourth seed Stefanos Tsitsipas battles to five-set win over Taylor Fritz,Australian Open: Fourth seed Stefanos Tsitsipas battles to five-set win over Taylor Fritz
Ford set for England Six Nations recall to replace Farrell,Ford set for England Six Nations recall to replace Farrell,Ford set for England Six Nations recall to replace Farrell
Caf ruling means Comoros without recognised keeper for last-16 tie live on BBC,Caf ruling means Comoros without recognised keeper for last-16 tie live on BBC,Caf ruling means Comoros without recognised keeper for last-16 tie live on BBC
Smeding selected as Team GB's first female long track speed skater for 42 years,Smeding selected as Team GB's first female long track speed skater for 42 years,Smeding selected as Team GB's first female long track speed skater for 42 years
MOTD2 analysis: Jermaine Jenas & Micah Richards on 'ridiculous' Liverpool penalty,MOTD2 analysis: Jermaine Jenas & Micah Richards on 'ridiculous' Liverpool penalty,MOTD2 analysis: Jermaine Jenas & Micah Richards on 'ridiculous' Liverpool penalty
Covid passports: Where do I still need to use one?,Covid passports: Where do I still need to use one?,Covid passports: Where do I still need to use one?
What Covid tests do I need to travel abroad?,What Covid tests do I need to travel abroad?,What Covid tests do I need to travel abroad?
When can I have a booster jab and how do I book one?,When can I have a booster jab and how do I book one?,When can I have a booster jab and how do I book one?
"What are the Covid rules in England, Scotland, Wales and Northern Ireland?","What are the Covid rules in England, Scotland, Wales and Northern Ireland?","What are the Covid rules in England, Scotland, Wales and Northern Ireland?"
Covid: What are the social distancing rules?,Covid: What are the social distancing rules?,Covid: What are the social distancing rules?
Covid-19 in the UK: How many coronavirus cases are there in my area?,Covid-19 in the UK: How many coronavirus cases are there in my area?,Covid-19 in the UK: How many coronavirus cases are there in my area?
‘His voice became my constant companion’ – how Dan Johnson kept his dad’s memory alive,‘His voice became my constant companion’ – how Dan Johnson kept his dad’s memory alive,‘His voice became my constant companion’ – how Dan Johnson kept his dad’s memory alive
"‘Hi, thanks for calling. Are you OK? How far away are you?’","‘Hi, thanks for calling. Are you OK? How far away are you?’","‘Hi, thanks for calling. Are you OK? How far away are you?’"
Finding love as a trans woman,Finding love as a trans woman,Finding love as a trans woman
South Georgia: The museum at the end of the world reopens for business,South Georgia: The museum at the end of the world reopens for business,South Georgia: The museum at the end of the world reopens for business
The battle for Steaua Bucharest - an Eastern European giant at war with itself,The battle for Steaua Bucharest - an Eastern European giant at war with itself,The battle for Steaua Bucharest - an Eastern European giant at war with itself
Russian invasion of Ukraine would be disastrous - PM,Boris Johnson says an invasion would be painful and bloody for Russia - but war is not inevitable.,"Mon, 24 Jan 2022 14:11:27 GMT"
Nusrat Ghani: PM orders Cabinet Office to investigate 'Muslimness' claim,Tory MP Nusrat Ghani says she was told her faith was given as a reason for her sacking as a minister.,"Mon, 24 Jan 2022 13:23:17 GMT"
Covid travel tests to be axed in England for double vaccinated,The requirement for those arriving in England to take a test within 48 hours is to be scrapped.,"Mon, 24 Jan 2022 14:12:51 GMT"
Heidelberg shooting: Gunman dead after injuring several,Police say the gunman in the university town of Heidelberg was acting alone and is now dead.,"Mon, 24 Jan 2022 14:07:12 GMT"
Hundreds of children held by IS in besieged prison in Syria,Kurdish-led forces say they are being used as human shields in the jail they have surrounded in Syria.,"Mon, 24 Jan 2022 10:26:06 GMT"
Julian Assange can ask Supreme Court to consider extradition case,"The Wikileaks founder can petition the UK's highest court for a hearing, stalling his extradition to the US.","Mon, 24 Jan 2022 13:59:42 GMT"
NI rise must be scrapped to help families - David Davis,"Payments to fund the NHS and social care will too much pressure on households, the veteran Tory MP says.","Mon, 24 Jan 2022 13:57:52 GMT"
"Tonga volcano: Eruption more powerful than atomic bomb, Nasa says",The eruption earlier this month showered the Pacific nation in ash and triggered a tsunami.,"Mon, 24 Jan 2022 11:53:16 GMT"
James Snyder fired from Broadway Harry Potter play over misconduct claim,James Snyder was first suspended from the show in November following a complaint from a co-star.,"Mon, 24 Jan 2022 12:00:35 GMT"
Covid in Scotland: Easing of restrictions 'a significant moment',For the first time since Boxing Day nightclubs can reopen and there are no capacity limits on large indoor events.,"Mon, 24 Jan 2022 13:40:52 GMT"
Emmerdale and Coronation Street rescheduled in ITV shake-up,New slots for Coronation Street and Emmerdale are among the changes announced by the network.,"Mon, 24 Jan 2022 14:00:57 GMT"
St Neots rower with incurable cancer breaks Atlantic record,Kat Cordiner and friends knock seven days off the previous female trio record.,"Mon, 24 Jan 2022 09:40:01 GMT"
Kenya's 'hidden epidemic': Gender-based violence,"When Covid hit Kenya, cases of gender-based violence exploded but many cases still go unreported.","Mon, 24 Jan 2022 00:00:52 GMT"
Vafaei first Iranian to win snooker ranking title,"Hossein Vafaei becomes the first Iranian player to win a snooker ranking title, beating Mark Williams in the final of the Snooker Shoot Out.","Sun, 23 Jan 2022 23:40:06 GMT"
The Papers: Russia-Ukraine tensions and No 10 police quizzed,The papers report on the partygate investigation and fears that gas prices might rise if Russia invades Ukraine.,"Mon, 24 Jan 2022 05:26:29 GMT"
Beach Boys star Brian Wilson looks back at his life in new film,"The Beach Boys star, who turns 80 this year, tells the BBC why he decided to make a documentary.","Mon, 24 Jan 2022 00:00:54 GMT"
Mercedes Gleitze: Film celebrates first British woman to swim English Channel,"Mercedes Gleitze was the first British woman to swim the English Channel, but kept her accomplishments hidden from her family.","Mon, 24 Jan 2022 00:00:59 GMT"
Viking torch parade marks Celtic Connections in Glasgow,"The march celebrates the history of Shetland, which is featured at this year’s hybrid music festival.","Sun, 23 Jan 2022 16:00:33 GMT"
How will Tonga's broken internet cable be mended?,What does its breakage tell us about the problems of getting coverage to remote areas?,"Mon, 24 Jan 2022 00:13:19 GMT"
Srikanth Bolla: The blind CEO’s £48m company which nearly didn’t happen,"As a teenager, blind businessman Srikanth Bolla sued an Indian state to study maths and science.","Mon, 24 Jan 2022 00:20:28 GMT"
Will Russia-Ukraine tensions push up UK gas bills?,"Gas prices are already high, but a Russian invasion of Ukraine would make matters even worse.","Mon, 24 Jan 2022 12:25:46 GMT"
The people deciding to ditch their smartphones,The smartphone users who are ditching their handsets to take back more control of their lives.,"Mon, 24 Jan 2022 00:27:05 GMT"
Is anti-social behaviour still seen 'as a bit of bother'?,BBC Panorama has found an important tool to help victims of anti-social behaviour is rarely used.,"Mon, 24 Jan 2022 00:01:33 GMT"
Vaccine mandates: 'I lost my job for being unvaccinated',"Covid-19 vaccine mandates face stiff resistance in the US, where they are clashing with national ideals of personal freedom.","Mon, 24 Jan 2022 00:43:43 GMT"
German Covid protests turn nasty in row over rules and vaccinations,Tens of thousands of Germans take to the streets every week and politicians are being targeted.,"Mon, 24 Jan 2022 00:35:43 GMT"
Beijing 2022 vs 2008: Two Olympics and two very different Chinas,"In 2022, the mood, the host government's attitude, and global expectations are all very different to 2008.","Mon, 24 Jan 2022 00:32:15 GMT"
Fury could fight Whyte or Usyk as Joshua camp weigh up step-aside offer,Tyson Fury is close to agreeing his next fight and could fight Oleksandr Usyk if Anthony Joshua accepts a step-aside offer.,"Mon, 24 Jan 2022 12:50:29 GMT"
Australian Open: Fourth seed Stefanos Tsitsipas battles to five-set win over Taylor Fritz,Greek fourth seed Stefanos Tsitsipas battles to a thrilling five-set victory over American Taylor Fritz to reach the Australian Open quarter-finals.,"Mon, 24 Jan 2022 13:40:07 GMT"
Ford set for England Six Nations recall to replace Farrell,George Ford is set to win a recall to England's Six Nations squad to replace injured captain Owen Farrell.,"Mon, 24 Jan 2022 10:23:33 GMT"
Caf ruling means Comoros without recognised keeper for last-16 tie live on BBC,Comoros goalkeeper Ali Ahamada will miss their Africa Cup of Nations last-16 tie on Monday despite testing negative for coronavirus.,"Mon, 24 Jan 2022 13:25:32 GMT"
Smeding selected as Team GB's first female long track speed skater for 42 years,Ellia Smeding will be the first female long track speed skater to represent Britain for 42 years at Beijing 2022.,"Mon, 24 Jan 2022 12:06:43 GMT"
MOTD2 analysis: Jermaine Jenas & Micah Richards on 'ridiculous' Liverpool penalty,"Match of the Day 2's Mark Chapman, Jermaine Jenas and Micah Richards discuss the ""ridiculous"" decision to award Liverpool's Diogo Jota a penalty against Crystal Palace following the intervention of VAR.","Mon, 24 Jan 2022 00:00:29 GMT"
Covid passports: Where do I still need to use one?,Mandatory Covid passports will be scrapped in England but remain across the rest of the UK.,"Mon, 24 Jan 2022 08:44:35 GMT"
What Covid tests do I need to travel abroad?,Fully vaccinated people travelling to England will soon no longer need to take a Covid test.,"Mon, 24 Jan 2022 13:15:21 GMT"
When can I have a booster jab and how do I book one?,Some companies are cutting sick pay for unvaccinated staff who have to isolate after exposure to Covid.,"Tue, 18 Jan 2022 11:22:26 GMT"
"What are the Covid rules in England, Scotland, Wales and Northern Ireland?","England is scrapping ""Plan B"" as Northern Ireland, Scotland and Wales also ease rules.","Mon, 24 Jan 2022 08:55:38 GMT"
Covid: What are the social distancing rules?,Scotland and Wales are relaxing some of their restrictions around gatherings and mixing with others.,"Mon, 24 Jan 2022 08:58:25 GMT"
Covid-19 in the UK: How many coronavirus cases are there in my area?,Explore the data on coronavirus in the UK and find out how many cases there are in your area.,"Sun, 23 Jan 2022 16:59:25 GMT"
‘His voice became my constant companion’ – how Dan Johnson kept his dad’s memory alive,Dan Johnson's project capturing his father's voice made him consider the importance of preserving memories.,"Sat, 22 Jan 2022 22:05:07 GMT"
"‘Hi, thanks for calling. Are you OK? How far away are you?’",A telephone helpline launched in Edinburgh is keeping people company when they walk home alone.,"Sat, 22 Jan 2022 00:56:25 GMT"
Finding love as a trans woman,Trans woman Daniella McDonald had bad experiences dating men until she met Josh - but thinks attitudes are slowly changing.,"Sun, 23 Jan 2022 00:57:57 GMT"
South Georgia: The museum at the end of the world reopens for business,On a British island at the edge of the Antarctic is one of the most remote tourist spots in the world.,"Thu, 20 Jan 2022 00:05:55 GMT"
The battle for Steaua Bucharest - an Eastern European giant at war with itself,"European Cup winners in 1986, Steaua Bucharest's story of decline is unlike any other. A bitter dispute has split the club in two.","Thu, 20 Jan 2022 00:02:58 GMT"
